t,brand,revenue,gross_openings,closures,net_adds,stores,cogs_amt,staff_amt,occupancy_amt,royalty_amt,other_opex_amt,ebitda_amt,sssg,digital_maus,app_delivery_share,format_flagship_pct,format_delivery_pct,format_foodcourt_pct,format_drivethru_pct,channel_app_delivery_pct,channel_aggregators_pct,channel_dinein_pct,channel_takeaway_pct,quarter,fy,cogs_pct,staff_pct,occupancy_pct,royalty_pct,other_opex_pct,gross_margin,ebitda_pct,sales_per_store_lakhs,ads_inr,yoy,qoq
0,DP Eurasia,195.0,13,3,10,550,56.42512115620766,29.329982768873545,23.425375176757985,5.85,45.96631391571054,34.00320698245028,,0.4,74.0,42.0,32.0,16.0,10.0,46.0,28.0,16.0,10.0,Q1 FY22,FY22,28.93595956728598,15.041016804550535,12.013012911157942,3.0,23.572468674723357,71.06404043271402,17.437542042282196,35.45454545454545,39393.93939393939,,
1,DP Eurasia,225.0,15,3,12,562,66.07382466018518,34.12551621272205,26.95676171400808,6.75,52.637708741963436,38.456188671121254,,0.45,74.9,42.0,32.0,16.0,10.0,46.3,27.9,15.8,9.9,Q2 FY22,FY22,29.366144293415637,15.16689609454313,11.980782984003593,3.0,23.394537218650417,70.63385570658437,17.091639409387223,40.0355871886121,44483.985765124555,,15.384615384615374
2,DP Eurasia,235.0,18,4,14,576,69.95560568933992,35.78672934657166,27.9557743534086,7.05,54.482071461010385,39.769819149669445,,0.5,75.8,42.0,32.0,16.0,10.0,46.6,27.8,15.7,9.9,Q3 FY22,FY22,29.768342846527624,15.228395466626237,11.89607419293983,3.0,23.18386019617463,70.23165715347238,16.923327297731678,40.798611111111114,45331.79012345679,,4.444444444444451
3,DP Eurasia,245.0,17,3,14,590,73.77228724860413,37.168261476977,28.93823389368147,7.35,56.282101616355305,41.48911576438209,,0.55,76.7,42.0,32.0,16.0,10.0,46.9,27.7,15.6,9.8,Q4 FY22,FY22,30.111137652491482,15.170718970194693,11.811524038237335,3.0,22.972286374022573,69.88886234750852,16.934332965053915,41.52542372881356,46139.359698681736,,4.255319148936176
4,DP Eurasia,255.0,13,3,10,600,78.10582510404468,39.32399479707558,29.8878489121606,7.65,58.015489701627885,42.01684148509128,18.0,0.6,77.6,42.0,32.0,16.0,10.0,47.2,27.6,15.4,9.8,Q1 FY23,FY23,30.629735334919484,15.421174430225717,11.720725063592392,3.0000000000000004,22.751172432010936,69.37026466508051,16.477192739251482,42.5,47222.22222222222,30.76923076923077,4.081632653061229
5,DP Eurasia,275.0,16,4,12,612,83.41589060828456,43.39156190040145,32.413263493933144,8.25,62.532295332633396,44.99698866474745,22.0,0.65,78.5,42.0,32.0,16.0,10.0,47.5,27.5,15.2,9.8,Q2 FY23,FY23,30.333051130285295,15.778749781964162,11.786641270521143,3.0,22.739016484593964,69.6669488697147,16.362541332635434,44.93464052287582,49927.37835875091,22.222222222222232,7.843137254901955
6,DP Eurasia,285.0,18,4,14,626,85.53373767049113,45.35127799136269,33.84972727508793,8.55,65.22434183572345,46.49091522733477,24.0,0.7,79.4,42.0,32.0,16.0,10.0,47.8,27.4,15.1,9.7,Q3 FY23,FY23,30.0118377791197,15.912729119776383,11.877097289504537,3.0000000000000004,22.885733977446826,69.9881622208803,16.31260183415255,45.52715654952077,50585.72949946752,21.27659574468086,3.6363636363636376
7,DP Eurasia,290.0,18,4,14,640,86.44232053449137,46.64469441058155,34.500474511130264,8.7,66.5756891050451,47.136821438751724,21.0,0.75,80.3,42.0,32.0,16.0,10.0,48.1,27.3,14.9,9.7,Q4 FY23,FY23,29.80769673603151,16.084377382959154,11.896715348665609,3.0,22.95713417415348,70.19230326396848,16.25407635819025,45.3125,50347.22222222222,18.36734693877551,1.7543859649122862
8,DP Eurasia,290.0,13,3,10,650,85.23412168076297,47.1198607617225,34.989615160801556,8.7,66.2640502383573,47.6923521583557,19.0,0.8,81.2,42.0,32.0,16.0,10.0,48.4,27.2,14.8,9.6,Q1 FY24,FY24,29.391076441642404,16.248227848869828,12.065384538207432,3.0,22.849672495985278,70.60892355835759,16.445638675295072,44.61538461538461,49572.64957264957,13.725490196078427,0.0
9,DP Eurasia,300.0,16,4,12,662,87.96106729481765,49.07338923539902,36.18209077019257,9.0,69.14742516984558,48.63602752974515,16.5,0.85,82.1,42.0,32.0,16.0,10.0,48.7,27.1,14.7,9.6,Q2 FY24,FY24,29.320355764939215,16.357796411799676,12.060696923397526,3.0,23.049141723281856,70.67964423506078,16.212009176581716,45.31722054380665,50352.467270896275,9.090909090909083,3.4482758620689724
10,DP Eurasia,320.0,17,4,13,675,93.17185412819043,52.84779015102851,38.404221424683215,9.6,74.08616157112411,51.889972724973745,14.0,0.9,83.0,42.0,32.0,16.0,10.0,49.0,27.0,14.5,9.5,Q3 FY24,FY24,29.11620441505951,16.514934422196408,12.001319195213505,3.0,23.151925490976282,70.88379558494049,16.215616476554295,47.407407407407405,52674.897119341564,12.280701754385959,6.666666666666665
11,DP Eurasia,308.0,19,4,15,690,89.67800714742926,51.59976983468483,37.51550986050974,9.24,71.99296776430485,47.97374539307128,12.5,0.95,83.9,42.0,32.0,16.0,10.0,49.3,26.9,14.3,9.4,Q4 FY24,FY24,29.11623608682768,16.753172024248318,12.180360344321343,3.0000000000000004,23.37434018321586,70.88376391317232,15.575891361386779,44.63768115942029,49597.423510466986,6.206896551724128,-3.749999999999998
12,DP Eurasia,325.0,13,3,10,700,93.52278723825401,54.350564895590466,39.717872564471705,9.75,76.94838240830856,50.71039289337523,10.5,1.0,84.8,42.0,32.0,16.0,10.0,49.6,26.8,14.2,9.4,Q1 FY25,FY25,28.77624222715508,16.72325073710476,12.220883865991294,3.0,23.676425356402632,71.22375777284492,15.603197813346222,46.42857142857143,51587.30158730159,12.06896551724137,5.519480519480524
13,DP Eurasia,340.0,16,4,12,712,97.81465263067354,57.6987001169764,41.73361252662029,10.2,80.33371331624181,52.219321409487975,9.0,1.05,85.7,42.0,32.0,16.0,10.0,49.9,26.7,14.1,9.3,Q2 FY25,FY25,28.769015479609862,16.970205916757763,12.274591919594204,3.0,23.62756274007112,71.23098452039014,15.35862394396705,47.752808988764045,53058.67665418227,13.33333333333333,4.615384615384621
14,DP Eurasia,375.0,17,4,13,725,107.0982261774267,63.66644322837179,46.34608685904904,11.25,88.19184601286362,58.44739772228888,8.0,1.1,86.6,42.0,32.0,16.0,10.0,50.2,26.6,13.9,9.3,Q3 FY25,FY25,28.55952698064712,16.977718194232477,12.35895649574641,3.0,23.517825603430296,71.44047301935288,15.585972725943703,51.724137931034484,57471.26436781609,17.1875,10.294117647058831
15,DP Eurasia,371.0,19,4,15,740,105.23522110556819,62.74960596144381,46.17550068493974,11.13,87.5401993249536,58.169472923094645,7.5,1.15,87.5,42.0,32.0,16.0,10.0,50.5,26.5,13.8,9.2,Q4 FY25,FY25,28.36528870770032,16.913640420874344,12.446226599714215,3.0000000000000004,23.595741057938977,71.63471129229968,15.679103213772141,50.13513513513514,55705.7057057057,20.45454545454546,-1.0666666666666713
18: 0,Domino's India,1015.0,34,6,28,1398,259.6154273161185,131.40001862943777,116.85113850034263,32.48,237.86350614397176,236.78990941012933,,7.5,74.0,42.0,32.0,16.0,10.0,46.0,28.0,16.0,10.0,Q1 FY22,FY22,25.577874612425468,12.945814643294362,11.512427438457403,3.1999999999999993,23.43482819152431,74.42212538757454,23.329055114298455,72.60371959942775,80670.79955491972,,
19: 1,Domino's India,1290.0,42,7,35,1433,336.078539551918,171.37496311020078,147.50371725866614,41.28,297.20463585333334,296.55814422588173,,8.0,74.9,42.0,32.0,16.0,10.0,46.3,27.9,15.8,9.9,Q2 FY22,FY22,26.05259996526496,13.284880861255873,11.434396686718305,3.2,23.039119058397933,73.94740003473504,22.989003428362924,90.02093510118632,100023.26122354036,,27.093596059113302
20: 2,Domino's India,1345.0,52,7,45,1478,353.0100866676253,175.47986110457362,153.28615434629992,43.04,311.602304833004,308.5815930484973,,8.5,75.8,42.0,32.0,16.0,10.0,46.6,27.8,15.7,9.9,Q3 FY22,FY22,26.246103097964706,13.046829821901385,11.396740100096649,3.2,23.167457608401783,73.7538969020353,22.94286937163549,91.00135317997294,101112.61464441437,,4.263565891472876
21: 3,Domino's India,1405.0,48,6,42,1520,371.44098415044806,186.17088891178332,158.30717992756047,44.96,320.28408211520514,323.83686489500315,,9.0,76.7,42.0,32.0,16.0,10.0,46.9,27.7,15.6,9.8,Q4 FY22,FY22,26.437080722451817,13.250597075571765,11.267414941463379,3.2,22.79602007937403,73.56291927754819,23.048887181139012,92.4342105263158,102704.6783625731,,4.4609665427509215
22: 4,Domino's India,1395.0,62,7,55,1575,370.45359602934207,182.26388434820325,156.69758355540907,44.64,316.4463800086485,324.49855605839707,24.0,9.5,77.6,42.0,32.0,16.0,10.0,47.2,27.6,15.4,9.8,Q1 FY23,FY23,26.555813335436707,13.06551142281027,11.23280168855979,3.2,22.684328316032147,73.44418666456329,23.26154523716108,88.57142857142857,98412.69841269842,37.4384236453202,-0.7117437722419906
23: 5,Domino's India,1450.0,51,6,45,1620,385.35981753458424,193.11149478602212,164.8397913285979,46.7625,332.51907994720335,327.4073164035924,7.5,10.0,78.5,42.0,32.0,16.0,10.0,47.5,27.5,15.2,9.8,Q2 FY23,FY23,26.576539140316154,13.318034123173938,11.368261470937787,3.225,22.93235034118644,73.42346085968384,22.579814924385683,89.50617283950618,99451.30315500686,12.4031007751938,3.942652329749108
24: 6,Domino's India,1490.0,46,6,40,1660,389.24803307537894,199.44217778950238,170.34715856494938,48.425,347.6134022552918,334.9242283148774,5.2,10.5,79.4,42.0,32.0,16.0,10.0,47.8,27.4,15.1,9.7,Q3 FY23,FY23,26.124029065461674,13.385381059698146,11.4326952057013,3.25,23.32975854062361,73.87597093453833,22.47813612851526,89.75903614457832,99732.26238286479,10.780669144981413,2.758620689655178
25: 7,Domino's India,1485.0,52,7,45,1705,385.011489349467,202.93171562979123,172.18660084751602,48.63375,347.81723699341853,328.41920717980724,0.8,11.0,80.3,42.0,32.0,16.0,10.0,48.1,27.3,14.9,9.7,Q4 FY23,FY23,25.926699619492727,13.665435395945538,11.595057296129024,3.2750000000000004,23.422036161172965,74.07330038050728,22.11577152725975,87.09677419354838,96774.19354838709,5.693950177935947,-0.3355704697986628
26: 8,Domino's India,1480.0,51,6,45,1750,379.91863566078996,206.38701529916085,175.143815757503,48.84,349.07026167745994,320.6402716050861,-2.8,11.5,81.2,42.0,32.0,16.0,10.0,48.4,27.2,14.8,9.6,Q1 FY24,FY24,25.67017808518851,13.945068601294652,11.834041605236688,3.3000000000000003,23.585828491720264,74.32982191481149,21.664883216559875,84.57142857142857,93968.25396825396,6.093189964157708,-0.33670033670033517
27: 9,Domino's India,1500.0,58,8,50,1800,381.43818197372855,207.42994257534997,178.1859768453466,49.5,357.4711767709,325.97472183467494,-3.9,12.0,82.1,42.0,32.0,16.0,10.0,48.7,27.1,14.7,9.6,Q2 FY24,FY24,25.429212131581902,13.828662838356664,11.879065123023107,3.3000000000000003,23.831411784726665,74.5707878684181,21.73164812231166,83.33333333333333,92592.5925925926,3.4482758620689724,1.3513513513513598
28: 10,Domino's India,1575.0,68,8,60,1860,396.588003392949,221.49483147301606,188.44787288577274,51.975,379.70545056293037,336.7888416853318,-1.5,12.5,83.0,42.0,32.0,16.0,10.0,49.0,27.0,14.5,9.5,Q3 FY24,FY24,25.180190691615813,14.06316390304864,11.964944310207793,3.3000000000000003,24.108282575424152,74.81980930838418,21.383418519703607,84.6774193548387,94086.02150537634,5.7046979865771785,5.000000000000004
29: 11,Domino's India,1530.0,63,8,55,1915,383.5079200329381,216.67789855916078,180.7832955521605,50.49,374.1655545942647,324.3753312614758,-2.7,13.0,83.9,42.0,32.0,16.0,10.0,49.3,26.9,14.3,9.4,Q4 FY24,FY24,25.065877126335824,14.161954154193515,11.81590167007585,3.3000000000000003,24.45526500616109,74.93412287366418,21.201002043233714,79.89556135770235,88772.84595300262,3.0303030303030276,-2.857142857142858
30: 12,Domino's India,1555.0,52,7,45,1960,386.44853380520976,221.6065144222162,187.17260614478081,51.315,384.63023704534396,323.82710858244945,-2.9,13.5,84.8,42.0,32.0,16.0,10.0,49.6,26.8,14.2,9.4,Q1 FY25,FY25,24.851995743100304,14.25122279242548,12.036823546288156,3.3000000000000003,24.73506347558482,75.1480042568997,20.824894442601252,79.33673469387755,88151.92743764172,5.067567567567566,1.6339869281045694
31: 13,Domino's India,1550.0,68,8,60,2020,383.77846769877914,220.85273357397367,184.78972529090552,51.15,383.4811935383649,325.9478798979767,-3.7,14.0,85.7,42.0,32.0,16.0,10.0,49.9,26.7,14.1,9.3,Q2 FY25,FY25,24.75990114185672,14.2485634563854,11.921917760703582,3.3000000000000003,24.740722163765476,75.24009885814328,21.02889547728882,76.73267326732673,85258.52585258526,3.3333333333333437,-0.3215434083601254
32: 14,Domino's India,1640.0,66,8,58,2078,400.7314072364081,234.86316034563376,198.9313732583571,54.12,407.5212513792435,343.8328077803576,-1.2,14.5,86.6,42.0,32.0,16.0,10.0,50.2,26.6,13.9,9.3,Q3 FY25,FY25,24.43484190465903,14.32092441131913,12.129961784046165,3.3000000000000003,24.848856791417287,75.56515809534096,20.965415108558393,78.92204042348412,87691.15602609346,4.1269841269841345,5.8064516129032295
33: 15,Domino's India,1605.0,70,8,62,2140,392.5951326775818,231.29432493242058,193.42115900654377,52.965,402.1375158023569,332.58686758109684,0.6,15.0,87.5,42.0,32.0,16.0,10.0,50.5,26.5,13.8,9.2,Q4 FY25,FY25,24.4607559300674,14.410861366505955,12.051162554924847,3.3000000000000003,25.05529693472629,75.53924406993261,20.721923213775504,75.0,83333.33333333333,4.90196078431373,-2.1341463414634165
34: 0,Dunkin',9.0,1,1,0,22,3.0735141173530605,2.1535390694486067,1.6663952622963762,0.36,3.558150962995238,-1.8115994120932815,,0.4,74.0,42.0,32.0,16.0,10.0,46.0,28.0,16.0,10.0,Q1 FY22,FY22,34.15015685947845,23.928211882762294,18.51550291440418,4.0,39.535010699947094,65.84984314052156,-20.128882356592015,40.90909090909091,45454.545454545456,,
35: 1,Dunkin',11.0,2,1,1,23,3.754288934276475,2.5970365380204665,2.0233859412906843,0.44,4.294751450359673,-2.1094628639472983,,0.45,74.9,42.0,32.0,16.0,10.0,46.3,27.9,15.8,9.9,Q2 FY22,FY22,34.12989940251341,23.609423072913334,18.394417648097132,4.0,39.04319500326975,65.87010059748658,-19.17693512679362,47.82608695652174,53140.096618357486,,22.222222222222232
36: 2,Dunkin',12.0,2,1,1,24,4.126090739121558,2.8311754540996183,2.1825682132516175,0.48,4.645628847106744,-2.2654632535795383,,0.5,75.8,42.0,32.0,16.0,10.0,46.6,27.8,15.7,9.9,Q3 FY22,FY22,34.38408949267966,23.593128784163486,18.18806844376348,4.0,38.71357372588953,65.61591050732034,-18.87886044649615,50.0,55555.555555555555,,9.090909090909083
37: 3,Dunkin',12.0,3,1,2,26,4.1631360854321375,2.772968781779348,2.179284454803199,0.48,4.612414404971066,-2.20780372698575,,0.55,76.7,42.0,32.0,16.0,10.0,46.9,27.7,15.6,9.8,Q4 FY22,FY22,34.69280071193448,23.108073181494568,18.16070379002666,4.0,38.436786708092214,65.30719928806552,-18.398364391547915,46.15384615384615,51282.05128205128,,0.0
38: 4,Dunkin',14.0,4,1,3,29,4.867324375021679,3.230110856301041,2.5111855778865366,0.56,5.314585528871339,-2.4832063380805955,10.0,0.6,77.6,42.0,32.0,16.0,10.0,47.2,27.6,15.4,9.8,Q1 FY23,FY23,34.76660267872628,23.072220402150293,17.93703984204669,4.0,37.96132520622385,65.23339732127371,-17.73718812914711,48.275862068965516,53639.84674329502,55.55555555555556,16.666666666666675
39: 5,Dunkin',16.0,3,1,2,31,5.577301978088022,3.625968865283167,2.846665557644314,0.64,6.02530688588231,-2.7152432868978167,7.0,0.65,78.5,42.0,32.0,16.0,10.0,47.5,27.5,15.2,9.8,Q2 FY23,FY23,34.85813736305014,22.662305408019794,17.791659735276962,4.0,37.65816803676444,65.14186263694987,-16.970270543111354,51.61290322580645,57347.67025089606,45.45454545454546,14.28571428571428
40: 6,Dunkin',17.0,4,1,3,34,5.920639857233732,3.8301090049549074,3.019763290809488,0.68,6.331247637958686,-2.781759790956812,5.0,0.7,79.4,42.0,32.0,16.0,10.0,47.8,27.4,15.1,9.7,Q3 FY23,FY23,34.827293277845484,22.530052970322984,17.76331347534993,4.0,37.24263316446286,65.17270672215452,-16.36329288798125,50.0,55555.555555555555,41.66666666666667,6.25
41: 7,Dunkin',17.0,3,1,2,36,5.887490602684071,3.7910922213745475,2.987288748860933,0.68,6.269187440570138,-2.6150590134896916,3.0,0.75,80.3,42.0,32.0,16.0,10.0,48.1,27.3,14.9,9.7,Q4 FY23,FY23,34.63229766284748,22.30054247867381,17.57228675800549,4.0,36.87757317982434,65.36770233715252,-15.382700079351128,47.22222222222222,52469.135802469136,41.66666666666667,0.0
42: 8,Dunkin',22.0,4,1,3,39,7.554572896998265,4.851764796334222,3.830285499996527,0.88,8.042493800142807,-3.1591169934718195,2.0,0.8,81.2,42.0,32.0,16.0,10.0,48.4,27.2,14.8,9.6,Q1 FY24,FY24,34.33896771362848,22.053476346973735,17.410388636347847,4.0,36.55679000064912,65.66103228637152,-14.35962269759918,56.41025641025641,62678.06267806268,57.14285714285714,29.41176470588236
43: 9,Dunkin',24.0,4,1,3,42,8.165909947581053,5.239520383158757,4.166626143842567,0.96,8.7066585847781,-3.2387150593604765,-1.0,0.85,82.1,42.0,32.0,16.0,10.0,48.7,27.1,14.7,9.6,Q2 FY24,FY24,34.02462478158772,21.831334929828152,17.360942266010696,4.0,36.277744103242085,65.97537521841228,-13.494646080668652,57.142857142857146,63492.06349206349,50.0,9.090909090909083
44: 10,Dunkin',25.0,3,1,2,44,8.50541948897354,5.451934120550115,4.320505826478092,1.0,8.902539718681219,-3.1803991546829664,1.0,0.9,83.0,42.0,32.0,16.0,10.0,49.0,27.0,14.5,9.5,Q3 FY24,FY24,34.02167795589416,21.80773648220046,17.282023305912368,4.0,35.610158874724874,65.97832204410584,-12.721596618731864,56.81818181818182,63131.31313131313,47.058823529411775,4.166666666666674
45: 11,Dunkin',24.0,3,1,2,46,8.11680325216674,5.155992083679135,4.105210240700027,0.96,8.468182048930172,-2.8061876254760776,-2.0,0.95,83.9,42.0,32.0,16.0,10.0,49.3,26.9,14.3,9.4,Q4 FY24,FY24,33.82001355069475,21.48330034866306,17.105042669583444,4.0,35.28409187054238,66.17998644930525,-11.692448439483655,52.17391304347826,57971.014492753624,41.176470588235304,-4.0000000000000036
46: 12,Dunkin',24.0,3,1,2,48,8.06827678232749,5.119611426497533,4.065530096133185,0.96,8.407670368620451,-2.6210886735786616,-3.0,1.0,84.8,42.0,32.0,16.0,10.0,49.6,26.8,14.2,9.4,Q1 FY25,FY25,33.61781992636455,21.331714277073054,16.93970873388827,4.0,35.03195986925188,66.38218007363545,-10.921202806577757,50.0,55555.555555555555,9.090909090909083,0.0
47: 13,Dunkin',25.0,4,1,3,51,8.326388554413757,5.3125622222498725,4.2321976011758435,1.0,8.759819342512959,-2.6309677203524338,-1.0,1.05,85.7,42.0,32.0,16.0,10.0,49.9,26.7,14.1,9.3,Q2 FY25,FY25,33.30555421765503,21.25024888899949,16.928790404703374,4.0,35.039277370051835,66.69444578234497,-10.523870881409735,49.01960784313726,54466.23093681917,4.166666666666674,4.166666666666674
48: 14,Dunkin',28.0,4,1,3,54,9.237366139179318,5.93964154222331,4.743845926616271,1.12,9.668333566702472,-2.7091871747213716,2.0,1.1,86.6,42.0,32.0,16.0,10.0,50.2,26.6,13.9,9.3,Q3 FY25,FY25,32.99059335421185,21.21300550794039,16.9423068807724,4.0,34.52976273822311,67.00940664578815,-9.675668481147756,51.851851851851855,57613.168724279836,12.00000000000001,12.00000000000001
49: 15,Dunkin',28.0,3,1,2,56,9.245326508392548,5.888232407335213,4.688589136218708,1.12,9.626279886322145,-2.5684279382686164,1.5,1.15,87.5,42.0,32.0,16.0,10.0,50.5,26.5,13.8,9.2,Q4 FY25,FY25,33.0190232442591,21.029401454768617,16.7449612007811,4.0,34.379571022579086,66.9809767557409,-9.172956922387916,50.0,55555.555555555555,16.666666666666675,0.0
50: 0,Hong's Kitchen,2.0,2,1,1,4,0.6771623018035494,0.5592473469181651,0.41973027882985503,0.07,0.9131978207872932,-0.6393377483388631,,0.4,74.0,42.0,32.0,16.0,10.0,46.0,28.0,16.0,10.0,Q1 FY22,FY22,33.85811509017747,27.962367345908255,20.986513941492753,3.5000000000000004,45.65989103936466,66.14188490982252,-31.96688741694316,50.0,55555.555555555555,,
51: 1,Hong's Kitchen,2.5,2,1,1,5,0.8463154436718112,0.6893016048470684,0.5195966431204865,0.0875,1.1228834802626932,-0.7655971719020593,,0.45,74.9,42.0,32.0,16.0,10.0,46.3,27.9,15.8,9.9,Q2 FY22,FY22,33.85261774687245,27.572064193882735,20.78386572481946,3.4999999999999996,44.91533921050773,66.14738225312755,-30.623886876082373,50.0,55555.555555555555,,25.0
52: 2,Hong's Kitchen,3.0,3,1,2,7,1.018007816954354,0.82625223615721,0.6122450798362431,0.105,1.3207404905729847,-0.882245623520792,,0.5,75.8,42.0,32.0,16.0,10.0,46.6,27.8,15.7,9.9,Q3 FY22,FY22,33.93359389847847,27.541741205240335,20.40816932787477,3.4999999999999996,44.02468301909949,66.06640610152152,-29.40818745069307,42.857142857142854,47619.04761904762,,19.999999999999996
53: 3,Hong's Kitchen,3.5,3,1,2,9,1.182583641964603,0.9519642264944055,0.7071689656736768,0.1225,1.5097573478340316,-0.9739741819667165,,0.55,76.7,42.0,32.0,16.0,10.0,46.9,27.7,15.6,9.8,Q4 FY22,FY22,33.788104056131516,27.198977899840155,20.20482759067648,3.4999999999999996,43.13592422382948,66.21189594386848,-27.82783377047761,38.888888888888886,43209.87654320987,,16.666666666666675
54: 4,Hong's Kitchen,4.0,3,1,2,11,1.3403185454697688,1.0742850389027654,0.8052671993723871,0.14,1.7006958270683215,-1.0605666108132432,12.0,0.6,77.6,42.0,32.0,16.0,10.0,47.2,27.6,15.4,9.8,Q1 FY23,FY23,33.50796363674422,26.857125972569136,20.131679984309677,3.5000000000000004,42.517395676708034,66.49203636325578,-26.51416527033108,36.36363636363637,40404.0404040404,100.0,14.28571428571428
55: 5,Hong's Kitchen,5.0,3,1,2,13,1.6699726972830375,1.3323863838296557,0.984362960731206,0.175,2.0800158823405868,-1.241737924184486,6.0,0.65,78.5,42.0,32.0,16.0,10.0,47.5,27.5,15.2,9.8,Q2 FY23,FY23,33.39945394566075,26.647727676593114,19.68725921462412,3.4999999999999996,41.60031764681173,66.60054605433925,-24.83475848368972,38.46153846153846,42735.042735042734,100.0,25.0
56: 6,Hong's Kitchen,6.0,3,1,2,15,1.9968160640887063,1.5843002454481374,1.1711203263724992,0.21,2.4589911667445183,-1.4212278026538616,3.0,0.7,79.4,42.0,32.0,16.0,10.0,47.8,27.4,15.1,9.7,Q3 FY23,FY23,33.28026773481177,26.405004090802294,19.51867210620832,3.4999999999999996,40.98318611240864,66.71973226518823,-23.68713004423103,40.0,44444.444444444445,100.0,19.999999999999996
57: 7,Hong's Kitchen,7.0,3,1,2,17,2.3260614297041426,1.82985621104519,1.3467234340920562,0.245,2.811741661670611,-1.5593827365119992,1.0,0.75,80.3,42.0,32.0,16.0,10.0,48.1,27.3,14.9,9.7,Q4 FY23,FY23,33.22944899577347,26.140803014931286,19.23890620131509,3.4999999999999996,40.167738023865866,66.77055100422653,-22.276896235885705,41.1764705882353,45751.63398692811,100.0,16.666666666666675
58: 8,Hong's Kitchen,7.0,3,1,2,19,2.315043830182933,1.8174423679562934,1.329970225822453,0.245,2.770401023791572,-1.4778574477532516,-2.0,0.8,81.2,42.0,32.0,16.0,10.0,48.4,27.2,14.8,9.6,Q1 FY24,FY24,33.07205471689904,25.96346239937562,18.999574654606473,3.4999999999999996,39.577157482736744,66.92794528310097,-21.11224925361788,36.8421052631579,40935.67251461988,75.0,0.0
59: 9,Hong's Kitchen,7.5,3,1,2,21,2.467895576554522,1.938311862206877,1.405246621071535,0.2625,2.9449282993172727,-1.5188823591502079,-4.0,0.85,82.1,42.0,32.0,16.0,10.0,48.7,27.1,14.7,9.6,Q2 FY24,FY24,32.905274354060296,25.844158162758358,18.736621614287134,3.5000000000000004,39.26571065756364,67.0947256459397,-20.251764788669437,35.714285714285715,39682.53968253968,50.0,7.14285714285714
60: 10,Hong's Kitchen,7.5,3,1,2,23,2.464046024929169,1.9146980807224987,1.3844162627920809,0.2625,2.9100997053657722,-1.4357600738095222,-1.0,0.9,83.0,42.0,32.0,16.0,10.0,49.0,27.0,14.5,9.5,Q3 FY24,FY24,32.85394699905559,25.52930774296665,18.45888350389441,3.5000000000000004,38.80132940487696,67.14605300094442,-19.14346765079363,32.608695652173914,36231.884057971016,25.0,0.0
61: 11,Hong's Kitchen,8.0,3,1,2,25,2.635859888057314,2.0174687872148764,1.4608826246613615,0.28,3.103696574439387,-1.4979078743729382,-3.0,0.95,83.9,42.0,32.0,16.0,10.0,49.3,26.9,14.3,9.4,Q4 FY24,FY24,32.948248600716425,25.218359840185954,18.261032808267018,3.5000000000000004,38.79620718049234,67.05175139928357,-18.72384842966173,32.0,35555.555555555555,14.28571428571428,6.666666666666665
62: 12,Hong's Kitchen,8.0,2,1,1,26,2.5925178054257105,2.0096922090273623,1.4407569538514737,0.28,3.0873600683502915,-1.410327036654838,-2.0,1.0,84.8,42.0,32.0,16.0,10.0,49.6,26.8,14.2,9.4,Q1 FY25,FY25,32.40647256782138,25.121152612842028,18.009461923143423,3.5000000000000004,38.59200085437865,67.59352743217862,-17.629087958185472,30.76923076923077,34188.03418803419,14.28571428571428,0.0
63: 13,Hong's Kitchen,8.0,2,1,1,27,2.5826093912062174,1.9828732134104456,1.431091811991369,0.28,3.0234290724049573,-1.3000034890129886,0.0,1.05,85.7,42.0,32.0,16.0,10.0,49.9,26.7,14.1,9.3,Q2 FY25,FY25,32.28261739007772,24.78591516763057,17.88864764989211,3.5000000000000004,37.792863405061965,67.71738260992228,-16.250043612662356,29.62962962962963,32921.81069958848,6.666666666666665,0.0
64: 14,Hong's Kitchen,8.5,2,1,1,28,2.729894571630677,2.0934295685848077,1.5140679852443106,0.2975,3.194622812163828,-1.3295149376236246,1.0,1.1,86.6,42.0,32.0,16.0,10.0,50.2,26.6,13.9,9.3,Q3 FY25,FY25,32.11640672506679,24.628583159821265,17.812564532286007,3.4999999999999996,37.583797790162684,67.88359327493322,-15.641352207336759,30.357142857142858,33730.15873015873,13.33333333333333,6.25
65: 15,Hong's Kitchen,8.5,2,1,1,29,2.7199141483029576,2.076746470183237,1.4858934976439673,0.2975,3.126199041595637,-1.2062531577258007,2.0,1.15,87.5,42.0,32.0,16.0,10.0,50.5,26.5,13.8,9.2,Q4 FY25,FY25,31.998989980034796,24.432311413920438,17.481099972281967,3.4999999999999996,36.77881225406632,68.00101001996521,-14.191213620303536,29.310344827586206,32567.049808429118,6.25,0.0
66: 0,Popeyes,14.0,4,1,3,17,4.455236442894118,2.9606892275495413,2.4473756523621395,0.56,5.0967412116433355,-1.5200425344491357,,0.4,74.0,42.0,32.0,16.0,10.0,46.0,28.0,16.0,10.0,Q1 FY22,FY22,31.8231174492437,21.14778019678244,17.48125465972957,4.0,36.405294368880966,68.1768825507563,-10.857446674636684,82.3529411764706,91503.26797385621,,
67: 1,Popeyes,17.0,4,1,3,20,5.451875945233893,3.557716822155949,2.9274535933614074,0.68,6.137846883686882,-1.7548932444381293,,0.45,74.9,42.0,32.0,16.0,10.0,46.3,27.9,15.8,9.9,Q2 FY22,FY22,32.06985850137584,20.927746012682054,17.220315255067103,4.0,36.10498166874636,67.93014149862415,-10.322901437871348,85.0,94444.44444444444,,21.42857142857142
68: 2,Popeyes,20.0,5,1,4,24,6.470525184538169,4.16424569995848,3.399993213273615,0.8,7.083071804038439,-1.9178359018087043,,0.5,75.8,42.0,32.0,16.0,10.0,46.6,27.8,15.7,9.9,Q3 FY22,FY22,32.35262592269085,20.821228499792397,16.999966066368074,4.0,35.41535902019219,67.64737407730915,-9.589179509043522,83.33333333333333,92592.5925925926,,17.647058823529417
69: 3,Popeyes,23.0,5,1,4,28,7.421730600375112,4.711860951193386,3.817626413896217,0.92,8.07190575418003,-1.9431237196447455,,0.55,76.7,42.0,32.0,16.0,10.0,46.9,27.7,15.6,9.8,Q4 FY22,FY22,32.2683939146744,20.486351961710376,16.598375712592247,4.0,35.09524240947839,67.73160608532561,-8.448363998455415,82.14285714285714,91269.84126984127,,14.999999999999991
70: 4,Popeyes,28.0,6,1,5,33,9.129057329395451,5.753652816840806,4.601900802927988,1.12,9.611300020153411,-2.2159109693176546,18.0,0.6,77.6,42.0,32.0,16.0,10.0,47.2,27.6,15.4,9.8,Q1 FY23,FY23,32.603776176412325,20.54876006014574,16.4353600104571,4.0,34.3260715005479,67.39622382358768,-7.913967747563053,84.84848484848484,94276.09427609427,100.0,21.739130434782616
71: 5,Popeyes,34.0,7,1,6,39,10.95055677869828,6.915792478432507,5.5622676339013655,1.36,11.555862398131522,-2.3444792891636723,12.0,0.65,78.5,42.0,32.0,16.0,10.0,47.5,27.5,15.2,9.8,Q2 FY23,FY23,32.20751993734788,20.340566113036786,16.359610687945192,4.0,33.98783058273977,67.79248006265212,-6.895527321069625,87.17948717948718,96866.09686609686,100.0,21.42857142857142
72: 6,Popeyes,38.0,7,1,6,45,12.137772648949571,7.656588844625557,6.07992118159113,1.52,12.762405452833326,-2.1566881279995798,9.5,0.7,79.4,42.0,32.0,16.0,10.0,47.8,27.4,15.1,9.7,Q3 FY23,FY23,31.941506970919924,20.14891801217252,15.999792583134553,4.0,33.58527750745612,68.05849302908007,-5.675495073683105,84.44444444444444,93827.16049382716,89.99999999999999,11.764705882352944
73: 7,Popeyes,42.0,8,1,7,52,13.326870391147532,8.280888171275516,6.588265206126846,1.68,13.86374014490772,-1.7397639134576082,6.0,0.75,80.3,42.0,32.0,16.0,10.0,48.1,27.3,14.9,9.7,Q4 FY23,FY23,31.730643788446507,19.716400407798844,15.686345728873444,4.0,33.008905106923145,68.26935621155349,-4.142295032041924,80.76923076923077,89743.58974358975,82.6086956521739,10.526315789473696
74: 8,Popeyes,44.0,7,1,6,58,13.867602613644186,8.588541979273584,6.838913982032511,1.76,14.282852036242993,-1.33791061119328,4.0,0.8,81.2,42.0,32.0,16.0,10.0,48.4,27.2,14.8,9.6,Q1 FY24,FY24,31.517278667373148,19.519413589258146,15.54298632280116,4.0,32.46102735509771,68.48272133262685,-3.0407059345301817,75.86206896551724,84291.1877394636,57.14285714285714,4.761904761904767
75: 9,Popeyes,47.0,7,1,6,64,14.671459225922156,9.152634272427647,7.219714729868034,1.88,15.140184027523562,-1.0639922557413968,1.5,0.85,82.1,42.0,32.0,16.0,10.0,48.7,27.1,14.7,9.6,Q2 FY24,FY24,31.215870693451397,19.47368994133542,15.361095169931987,4.0,32.213157505369274,68.7841293065486,-2.2638133100880786,73.4375,81597.22222222222,38.23529411764706,6.818181818181812
76: 10,Popeyes,51.0,7,1,6,70,15.887512186422482,9.790508484892287,7.801593811144789,2.04,16.2835152324855,-0.803129714945058,3.5,0.9,83.0,42.0,32.0,16.0,10.0,49.0,27.0,14.5,9.5,Q3 FY24,FY24,31.15198467925977,19.197075460573114,15.297242766950566,4.0,31.928461240167643,68.84801532074023,-1.574764146951094,72.85714285714286,80952.38095238095,34.210526315789465,8.51063829787233
77: 11,Popeyes,48.0,7,1,6,76,14.742700679615952,9.205606348564778,7.2501185260805165,1.92,15.082733976567253,-0.20115953082849813,2.0,0.95,83.9,42.0,32.0,16.0,10.0,49.3,26.9,14.3,9.4,Q4 FY24,FY24,30.713959749199898,19.178346559509954,15.104413596001077,4.0,31.42236245118178,69.2860402508001,-0.41908235589270443,63.1578947368421,70175.43859649122,14.28571428571428,-5.882352941176472
78: 12,Popeyes,54.0,7,1,6,82,16.53462751129589,10.134823850726233,8.161768137504199,2.16,16.8244887840644,0.18429171640927677,5.0,1.0,84.8,42.0,32.0,16.0,10.0,49.6,26.8,14.2,9.4,Q1 FY25,FY25,30.619680576473872,18.76819231615969,15.11438543982259,4.0,31.156460711230373,69.38031942352613,0.3412809563134755,65.85365853658537,73170.73170731707,22.72727272727273,12.5
79: 13,Popeyes,58.0,7,1,6,88,17.657118156412345,11.010519555556911,8.648818924590014,2.32,17.90225184225848,0.4612915211822539,8.5,1.05,85.7,42.0,32.0,16.0,10.0,49.9,26.7,14.1,9.3,Q2 FY25,FY25,30.443307166228177,18.983654406132604,14.911756766534506,3.9999999999999996,30.865951452169792,69.55669283377182,0.7953302089349206,65.9090909090909,73232.32323232324,23.404255319148938,7.407407407407418
80: 14,Popeyes,66.0,7,1,6,94,19.896714925644467,12.367026201821657,9.7818378218347,2.64,20.115242313391505,1.199178737307676,9.0,1.1,86.6,42.0,32.0,16.0,10.0,50.2,26.6,13.9,9.3,Q3 FY25,FY25,30.146537766127977,18.73791848760857,14.82096639671924,4.0,30.477639868775007,69.85346223387202,1.816937480769206,70.2127659574468,78014.18439716312,29.41176470588236,13.793103448275868
81: 15,Popeyes,67.0,7,1,6,100,20.19360767542735,12.507874379480734,9.775818794512332,2.68,20.31875744351122,1.52394170706836,7.0,1.15,87.5,42.0,32.0,16.0,10.0,50.5,26.5,13.8,9.2,Q4 FY25,FY25,30.139712948399033,18.668469223105575,14.59077432016766,4.0,30.32650364703167,69.86028705160096,2.27453986129606,67.0,74444.44444444444,39.58333333333333,1.5151515151515138
82: 0,Total (Consolidated),1235.0,54,12,42,1991,324.2464613343769,166.40347704222762,144.810014870589,39.31999999999999,293.3979100551082,266.82213669769834,,9.1,74.0,42.0,32.0,16.0,10.0,46.0,28.0,16.0,10.0,Q1 FY22,FY22,26.254774197115538,13.473965752407095,11.725507276970767,3.183805668016194,23.756915793935885,73.74522580288446,21.60503131155452,62.029131089904574,68921.25676656063,,
83: 1,Total (Consolidated),1545.5,65,13,52,2043,412.20484453528536,212.34453428794632,179.9309151504468,49.237500000000004,361.397826409606,330.3843796167155,,9.8,74.9,42.0,32.0,16.0,10.0,46.3,27.9,15.8,9.9,Q2 FY22,FY22,26.671293725997113,13.739536349915646,11.642246208375722,3.1858621805241025,23.383877477166354,73.32870627400288,21.377184058021058,75.64855604503181,84053.95116114645,,25.1417004048583
84: 2,Total (Consolidated),1615.0,80,14,66,2109,434.58031609757927,219.08826384136057,187.43673520607,51.475,379.13381743573257,343.2858674192577,,10.5,75.8,42.0,32.0,16.0,10.0,46.6,27.8,15.7,9.9,Q3 FY22,FY22,26.908997900778903,13.565836770362882,11.605989796041486,3.187306501547988,23.475778169395205,73.0910020992211,21.256090861873545,76.57657657657657,85085.08508508508,,4.496926560983505
85: 3,Total (Consolidated),1688.5,76,12,64,2173,457.9807217268241,231.77594434822745,193.94949365561504,53.8325,390.7602612385456,360.20107903078804,,11.2,76.7,42.0,32.0,16.0,10.0,46.9,27.7,15.6,9.8,Q4 FY22,FY22,27.12352512447877,13.726736413871926,11.486496514990527,3.188184779389992,23.142449584752477,72.87647487552123,21.33260758251632,77.7036355269213,86337.37280769034,,4.551083591331273
86: 4,Total (Consolidated),1696.0,88,13,75,2248,463.8961213832737,231.64592785732344,194.5037860477566,54.11,391.08845108636945,360.7557136252768,22.85495283018868,11.9,77.6,42.0,32.0,16.0,10.0,47.2,27.6,15.4,9.8,Q1 FY23,FY23,27.35236564759869,13.658368387813882,11.468383611306402,3.1904481132075473,23.059460559337822,72.64763435240131,21.27097368073566,75.44483985765125,83827.59984183472,37.32793522267206,0.44418122594018783
87: 5,Total (Consolidated),1780.0,80,13,67,2315,486.97353959693817,248.3772044139689,206.64635097480792,57.1875,414.71256044619116,366.1028445680939,9.817415730337078,12.6,78.5,42.0,32.0,16.0,10.0,47.5,27.5,15.2,9.8,Q2 FY23,FY23,27.3580640222999,13.953775528874656,11.609345560382467,3.2127808988764044,23.29845845203321,72.6419359777001,20.567575537533365,76.88984881209504,85433.16534677226,15.173083144613386,4.952830188679247
88: 6,Total (Consolidated),1836.0,78,13,65,2380,494.83699931614206,257.8644538758937,214.46769063881044,59.385,434.3903883485518,375.0554678206019,8.198257080610022,13.3,79.4,42.0,32.0,16.0,10.0,47.8,27.4,15.1,9.7,Q3 FY23,FY23,26.951906280835626,14.04490489520118,11.68124676681974,3.2344771241830066,23.659607208526786,73.04809371916437,20.427857724433654,77.14285714285714,85714.28571428571,13.684210526315788,3.146067415730336
89: 7,Total (Consolidated),1841.0,84,14,70,2450,492.99423230749414,263.478246644068,217.60935274772612,59.93875,437.3375953456121,369.64182295509966,4.1216730038022815,14.0,80.3,42.0,32.0,16.0,10.0,48.1,27.3,14.9,9.7,Q4 FY23,FY23,26.778611206273446,14.311691832920587,11.820171251913424,3.255771319934818,23.75543700953895,73.22138879372656,20.078317379418774,75.14285714285714,83492.06349206349,9.031684927450389,0.2723311546841023
90: 8,Total (Consolidated),1843.0,78,12,66,2516,488.88997668237835,268.76462520444744,222.13260062615606,60.425000000000004,440.4300587759946,362.3577387110235,0.8529571351058057,14.7,81.2,42.0,32.0,16.0,10.0,48.4,27.2,14.8,9.6,Q1 FY24,FY24,26.52685711787186,14.582996484234803,12.052772687257518,3.2786218122626156,23.897452999240077,73.47314288212814,19.661298899133126,73.25119236883943,81390.21374315492,8.667452830188683,0.10863661053774898
91: 9,Total (Consolidated),1878.5,88,15,73,2589,494.70451401860396,272.8337983285423,227.1596551103213,61.6025,453.4103728523645,368.789159690168,-0.47032206547777483,15.4,82.1,42.0,32.0,16.0,10.0,48.7,27.1,14.7,9.6,Q2 FY24,FY24,26.335081928059832,14.524024398644785,12.092608736242816,3.2793452222517963,24.13683113400929,73.66491807194016,19.63210858079148,72.55697180378525,80618.85755976138,5.533707865168536,1.92620727075421
92: 10,Total (Consolidated),1978.5,98,15,83,2672,516.6168352214646,291.49976231020946,240.35861021087092,64.8775,481.88776679058697,383.259525466868,1.1693201920646954,16.1,83.0,42.0,32.0,16.0,10.0,49.0,27.0,14.5,9.5,Q3 FY24,FY24,26.111540824941347,14.733371863038133,12.148527177703862,3.2791256002021734,24.356217679584883,73.88845917505866,19.371216854529592,74.04565868263474,82272.95409181637,7.761437908496727,5.323396326856544
93: 11,Total (Consolidated),1918.0,95,15,80,2752,498.68129100020735,284.6567356133044,231.11501680411214,62.89,472.81313495850634,367.8438216238696,-0.13399374348279458,16.8,83.9,42.0,32.0,16.0,10.0,49.3,26.9,14.3,9.4,Q4 FY24,FY24,26.000067309708413,14.841331366699917,12.049792325553293,3.2789363920750785,24.651362615146315,73.99993269029159,19.178509990816973,69.69476744186046,77438.63049095607,4.1825095057034245,-3.0578721253474828
94: 12,Total (Consolidated),1966.0,77,13,64,2816,507.16674314251287,293.22120680405783,240.55853389674138,64.465,489.89813867468763,370.6903774820005,-0.465412004069176,17.5,84.8,42.0,32.0,16.0,10.0,49.6,26.8,14.2,9.4,Q1 FY25,FY25,25.79688418832721,14.914608687897143,12.235937634625706,3.2789928789420144,24.91852180440934,74.20311581167279,18.855054805798602,69.8153409090909,77572.601010101,6.673901247965275,2.502606882168923
95: 13,Total (Consolidated),1981.0,97,15,82,2898,510.159236431485,296.8573886821673,240.83544615528302,64.95,493.5004071117831,374.6975216192815,-1.1140837960625947,18.2,85.7,42.0,32.0,16.0,10.0,49.9,26.7,14.1,9.3,Q2 FY25,FY25,25.752611632079,14.985229110659631,12.157266337974914,3.2786471479050983,24.911681328207123,74.247388367921,18.91456444317423,68.35748792270532,75952.76435856146,5.456481235027955,0.7629704984740693
96: 14,Total (Consolidated),2117.5,96,15,81,2979,539.6936090502893,318.9297008866353,261.31721185110143,69.4275,528.6912960843649,399.4406821276092,0.7983471074380165,18.9,86.6,42.0,32.0,16.0,10.0,50.2,26.6,13.9,9.3,Q3 FY25,FY25,25.487301489978243,15.061615154032365,12.340836451055557,3.278748524203069,24.967711739521366,74.51269851002175,18.86378664120941,71.08089963074858,78978.77736749842,7.025524387161997,6.890459363957602
97: 15,Total (Consolidated),2079.5,101,15,86,3065,529.9892021152729,314.5167841508636,255.5469611198585,68.19250000000001,522.7489514987395,388.50560111526545,2.055061312815581,19.6,87.5,42.0,32.0,16.0,10.0,50.5,26.5,13.8,9.2,Q4 FY25,FY25,25.486376634540655,15.124634967581803,12.288865646542847,3.279273863909594,25.13820396723922,74.51362336545935,18.682644920185883,67.84665579119087,75385.17310132318,8.420229405630874,-1.7945690672963366
